story_id,description,complexity,priority
1,User login functionality,Medium,High
2,Database migration script,High,Medium
3,API endpoint creation,Medium,High
4,UI component design,Low,Medium
5,Payment integration,High,High
6,Search functionality,Medium,High
7,User profile management,Medium,Medium
8,Email notification system,Medium,Medium
9,Data validation,Low,Medium
10,Performance optimization,High,Low
11,Security audit,High,High
12,Mobile responsiveness,Medium,Medium
13,Third-party integration,High,Medium
14,Reporting dashboard,High,Medium
15,Cache implementation,Medium,Low
16,Error handling,Low,Medium
17,Unit test coverage,Medium,Low
18,Documentation update,Low,Low
19,Code refactoring,Medium,Low
20,Deployment automation,High,Medium
21,User registration form,Low,High
22,Password reset functionality,Medium,Medium
23,Two-factor authentication,High,High
24,Social media login,Medium,Medium
25,File upload feature,Medium,Medium
26,Image processing,High,Low
27,PDF generation,Medium,Medium
28,Export to Excel,Low,Medium
29,Data import wizard,High,Medium
30,Backup system,High,High
31,Log monitoring,Medium,Low
32,Health check endpoint,Low,Medium
33,Rate limiting,Medium,Medium
34,API versioning,Medium,Low
35,Swagger documentation,Low,Low
36,Database indexing,Medium,Medium
37,Query optimization,High,Low
38,Connection pooling,Medium,Low
39,Transaction management,High,Medium
40,Data encryption,High,High
41,Session management,Medium,Medium
42,Cookie handling,Low,Medium
43,CORS configuration,Low,Medium
44,Request validation,Medium,Medium
45,Response formatting,Low,Low
46,Pagination implementation,Medium,Medium
47,Sorting functionality,Low,Medium
48,Filtering options,Medium,Medium
49,Advanced search,High,Medium
50,Autocomplete feature,Medium,Medium
51,Notification preferences,Medium,Low
52,Email templates,Low,Medium
53,SMS integration,Medium,Medium
54,Push notifications,Medium,Medium
55,Real-time updates,High,High
56,WebSocket implementation,High,Medium
57,Chat functionality,High,Medium
58,File sharing,Medium,Medium
59,Comment system,Medium,Low
60,Rating system,Medium,Medium
61,Review management,Medium,Medium
62,Moderation tools,High,Medium
63,Content management,High,Medium
64,Media gallery,Medium,Low
65,Video streaming,High,Low
66,Audio processing,High,Low
67,Thumbnail generation,Medium,Low
68,Image optimization,Medium,Low
69,CDN integration,Medium,Medium
70,Load balancing,High,Medium
71,Auto-scaling,High,Low
72,Container deployment,High,Medium
73,CI/CD pipeline,High,Medium
74,Environment configuration,Medium,Medium
75,Secret management,High,High
76,Monitoring dashboard,High,Medium
77,Alert system,Medium,Medium
78,Performance metrics,Medium,Low
79,Usage analytics,Medium,Medium
80,A/B testing framework,High,Low
81,Feature flags,Medium,Low
82,Configuration management,Medium,Medium
83,Multi-language support,High,Medium
84,Timezone handling,Medium,Medium
85,Currency conversion,Medium,Medium
86,Tax calculation,High,Medium
87,Invoice generation,Medium,Medium
88,Payment processing,High,High
89,Refund management,Medium,Medium
90,Subscription handling,High,Medium
91,Billing dashboard,Medium,Medium
92,Usage tracking,Medium,Low
93,Quota management,Medium,Medium
94,License validation,Medium,Medium
95,Audit logging,Medium,Medium
96,Compliance reporting,High,Medium
97,Data retention policy,High,High
98,GDPR compliance,High,High
99,Privacy controls,High,High
100,Terms of service,Low,Medium